algorithm_name,base_type,data_path,population_size,max_evaluations,crossover,mutation,fitness1,fitness2,computation_time
NSGAII,CENTER_BASE,/tspInstances/kroA100.tsp,100,100000,0.800000,0.200000,64425.000000,10.000000,12290
NSGAII,CENTER_BASE,/tspInstances/kroA100.tsp,100,100000,0.800000,0.200000,54830.000000,10.000000,3438
NSGAII,CENTER_BASE,/tspInstances/kroA100.tsp,100,100000,0.800000,0.200000,59966.000000,10.000000,3143
NSGAII,CENTER_BASE,/tspInstances/kroA100.tsp,100,100000,0.800000,0.200000,62861.000000,10.000000,3205
NSGAII,CENTER_BASE,/tspInstances/kroA100.tsp,100,100000,0.800000,0.200000,58811.000000,10.000000,3115
NSGAII,CENTER_BASE,/tspInstances/kroA100.tsp,100,100000,0.800000,0.200000,56327.000000,10.000000,3126
NSGAII,CENTER_BASE,/tspInstances/kroA100.tsp,100,100000,0.800000,0.200000,56713.000000,10.000000,3136
NSGAII,CENTER_BASE,/tspInstances/kroA100.tsp,100,100000,0.800000,0.200000,56777.000000,10.000000,3182
NSGAII,CENTER_BASE,/tspInstances/kroA100.tsp,100,100000,0.800000,0.200000,62930.000000,10.000000,3098
NSGAII,CENTER_BASE,/tspInstances/kroA100.tsp,100,100000,0.800000,0.200000,61319.000000,10.000000,3071
NSGAII,CENTER_BASE,/tspInstances/kroA100.tsp,100,100000,0.900000,0.200000,63006.000000,10.000000,11297
NSGAII,CENTER_BASE,/tspInstances/kroA100.tsp,100,100000,0.900000,0.200000,54045.000000,10.000000,3523
NSGAII,CENTER_BASE,/tspInstances/kroA100.tsp,100,100000,0.900000,0.200000,54185.000000,10.000000,3192
NSGAII,CENTER_BASE,/tspInstances/kroA100.tsp,100,100000,0.900000,0.200000,60736.000000,10.000000,3341
NSGAII,CENTER_BASE,/tspInstances/kroA100.tsp,100,100000,0.900000,0.200000,60550.000000,10.000000,3141
NSGAII,CENTER_BASE,/tspInstances/kroA100.tsp,100,100000,0.900000,0.200000,54052.000000,10.000000,3122
NSGAII,CENTER_BASE,/tspInstances/kroA100.tsp,100,100000,0.900000,0.200000,62153.000000,10.000000,3083
NSGAII,CENTER_BASE,/tspInstances/kroA100.tsp,100,100000,0.900000,0.200000,56263.000000,10.000000,3194
NSGAII,CENTER_BASE,/tspInstances/kroA100.tsp,100,100000,0.900000,0.200000,61209.000000,10.000000,3155
NSGAII,CENTER_BASE,/tspInstances/kroA100.tsp,100,100000,0.900000,0.200000,56278.000000,10.000000,3139
NSGAII,CENTER_BASE,/tspInstances/kroA100.tsp,100,100000,0.800000,0.100000,58893.000000,10.000000,11724
NSGAII,CENTER_BASE,/tspInstances/kroA100.tsp,100,100000,0.800000,0.100000,60342.000000,10.000000,3238
NSGAII,CENTER_BASE,/tspInstances/kroA100.tsp,100,100000,0.800000,0.100000,58044.000000,10.000000,2930
NSGAII,CENTER_BASE,/tspInstances/kroA100.tsp,100,100000,0.800000,0.100000,62540.000000,10.000000,2888
NSGAII,CENTER_BASE,/tspInstances/kroA100.tsp,100,100000,0.800000,0.100000,56676.000000,10.000000,3014
NSGAII,CENTER_BASE,/tspInstances/kroA100.tsp,100,100000,0.800000,0.100000,66307.000000,10.000000,2866
NSGAII,CENTER_BASE,/tspInstances/kroA100.tsp,100,100000,0.800000,0.100000,57515.000000,10.000000,2866
NSGAII,CENTER_BASE,/tspInstances/kroA100.tsp,100,100000,0.800000,0.100000,62083.000000,10.000000,2931
NSGAII,CENTER_BASE,/tspInstances/kroA100.tsp,100,100000,0.800000,0.100000,62413.000000,10.000000,2808
NSGAII,CENTER_BASE,/tspInstances/kroA100.tsp,100,100000,0.800000,0.100000,59884.000000,10.000000,2832
NSGAII,CENTER_BASE,/tspInstances/kroA100.tsp,100,100000,0.900000,0.100000,61533.000000,10.000000,10663
NSGAII,CENTER_BASE,/tspInstances/kroA100.tsp,100,100000,0.900000,0.100000,62737.000000,10.000000,3425
NSGAII,CENTER_BASE,/tspInstances/kroA100.tsp,100,100000,0.900000,0.100000,64719.000000,10.000000,3775
NSGAII,CENTER_BASE,/tspInstances/kroA100.tsp,100,100000,0.900000,0.100000,56297.000000,10.000000,2862
NSGAII,CENTER_BASE,/tspInstances/kroA100.tsp,100,100000,0.900000,0.100000,61334.000000,10.000000,3049
NSGAII,CENTER_BASE,/tspInstances/kroA100.tsp,100,100000,0.900000,0.100000,54325.000000,10.000000,2849
NSGAII,CENTER_BASE,/tspInstances/kroA100.tsp,100,100000,0.900000,0.100000,57379.000000,10.000000,2898
NSGAII,CENTER_BASE,/tspInstances/kroA100.tsp,100,100000,0.900000,0.100000,60100.000000,10.000000,2840
NSGAII,CENTER_BASE,/tspInstances/kroA100.tsp,100,100000,0.900000,0.100000,55997.000000,10.000000,2799
NSGAII,CENTER_BASE,/tspInstances/kroA100.tsp,100,100000,0.900000,0.100000,58105.000000,10.000000,2917
NSGAII,MEAN_BASE,/tspInstances/kroA100.tsp,100,100000,0.800000,0.200000,61729.000000,10.000000,10929
NSGAII,MEAN_BASE,/tspInstances/kroA100.tsp,100,100000,0.800000,0.200000,54829.000000,10.000000,3404
NSGAII,MEAN_BASE,/tspInstances/kroA100.tsp,100,100000,0.800000,0.200000,60122.000000,10.000000,3100
NSGAII,MEAN_BASE,/tspInstances/kroA100.tsp,100,100000,0.800000,0.200000,55793.000000,10.000000,3152
NSGAII,MEAN_BASE,/tspInstances/kroA100.tsp,100,100000,0.800000,0.200000,62537.000000,10.000000,3123
NSGAII,MEAN_BASE,/tspInstances/kroA100.tsp,100,100000,0.800000,0.200000,58415.000000,10.000000,3064
NSGAII,MEAN_BASE,/tspInstances/kroA100.tsp,100,100000,0.800000,0.200000,57666.000000,10.000000,3086
NSGAII,MEAN_BASE,/tspInstances/kroA100.tsp,100,100000,0.800000,0.200000,55778.000000,10.000000,3097
NSGAII,MEAN_BASE,/tspInstances/kroA100.tsp,100,100000,0.800000,0.200000,60255.000000,10.000000,3050
NSGAII,MEAN_BASE,/tspInstances/kroA100.tsp,100,100000,0.800000,0.200000,54428.000000,10.000000,3037
NSGAII,MEAN_BASE,/tspInstances/kroA100.tsp,100,100000,0.900000,0.200000,51824.000000,10.000000,11129
NSGAII,MEAN_BASE,/tspInstances/kroA100.tsp,100,100000,0.900000,0.200000,60046.000000,10.000000,4247
NSGAII,MEAN_BASE,/tspInstances/kroA100.tsp,100,100000,0.900000,0.200000,54990.000000,10.000000,3146
NSGAII,MEAN_BASE,/tspInstances/kroA100.tsp,100,100000,0.900000,0.200000,59790.000000,10.000000,3215
NSGAII,MEAN_BASE,/tspInstances/kroA100.tsp,100,100000,0.900000,0.200000,55837.000000,10.000000,3137
NSGAII,MEAN_BASE,/tspInstances/kroA100.tsp,100,100000,0.900000,0.200000,55195.000000,10.000000,3207
NSGAII,MEAN_BASE,/tspInstances/kroA100.tsp,100,100000,0.900000,0.200000,57884.000000,10.000000,3133
NSGAII,MEAN_BASE,/tspInstances/kroA100.tsp,100,100000,0.900000,0.200000,59326.000000,10.000000,3205
NSGAII,MEAN_BASE,/tspInstances/kroA100.tsp,100,100000,0.900000,0.200000,55868.000000,10.000000,3153
NSGAII,MEAN_BASE,/tspInstances/kroA100.tsp,100,100000,0.900000,0.200000,52521.000000,10.000000,3103
NSGAII,MEAN_BASE,/tspInstances/kroA100.tsp,100,100000,0.800000,0.100000,61405.000000,10.000000,10624
NSGAII,MEAN_BASE,/tspInstances/kroA100.tsp,100,100000,0.800000,0.100000,57517.000000,10.000000,3348
NSGAII,MEAN_BASE,/tspInstances/kroA100.tsp,100,100000,0.800000,0.100000,54791.000000,10.000000,2907
NSGAII,MEAN_BASE,/tspInstances/kroA100.tsp,100,100000,0.800000,0.100000,56392.000000,10.000000,2995
NSGAII,MEAN_BASE,/tspInstances/kroA100.tsp,100,100000,0.800000,0.100000,59605.000000,10.000000,2840
NSGAII,MEAN_BASE,/tspInstances/kroA100.tsp,100,100000,0.800000,0.100000,66968.000000,10.000000,2848
NSGAII,MEAN_BASE,/tspInstances/kroA100.tsp,100,100000,0.800000,0.100000,60589.000000,10.000000,2821
NSGAII,MEAN_BASE,/tspInstances/kroA100.tsp,100,100000,0.800000,0.100000,57662.000000,10.000000,2877
NSGAII,MEAN_BASE,/tspInstances/kroA100.tsp,100,100000,0.800000,0.100000,54955.000000,10.000000,2846
NSGAII,MEAN_BASE,/tspInstances/kroA100.tsp,100,100000,0.800000,0.100000,58446.000000,10.000000,2844
NSGAII,MEAN_BASE,/tspInstances/kroA100.tsp,100,100000,0.900000,0.100000,58586.000000,10.000000,11364
NSGAII,MEAN_BASE,/tspInstances/kroA100.tsp,100,100000,0.900000,0.100000,61612.000000,10.000000,4234
NSGAII,MEAN_BASE,/tspInstances/kroA100.tsp,100,100000,0.900000,0.100000,57581.000000,10.000000,2952
NSGAII,MEAN_BASE,/tspInstances/kroA100.tsp,100,100000,0.900000,0.100000,55306.000000,10.000000,2934
NSGAII,MEAN_BASE,/tspInstances/kroA100.tsp,100,100000,0.900000,0.100000,56799.000000,10.000000,2981
NSGAII,MEAN_BASE,/tspInstances/kroA100.tsp,100,100000,0.900000,0.100000,57852.000000,10.000000,2876
NSGAII,MEAN_BASE,/tspInstances/kroA100.tsp,100,100000,0.900000,0.100000,60633.000000,10.000000,2866
NSGAII,MEAN_BASE,/tspInstances/kroA100.tsp,100,100000,0.900000,0.100000,58887.000000,10.000000,2886
NSGAII,MEAN_BASE,/tspInstances/kroA100.tsp,100,100000,0.900000,0.100000,61097.000000,10.000000,2885
NSGAII,MEAN_BASE,/tspInstances/kroA100.tsp,100,100000,0.900000,0.100000,63007.000000,10.000000,2848
NSGAII,CENTER_BASE,/tspInstances/kroA100.tsp,100,1000000,0.800000,0.200000,49421.000000,10.000000,38308
NSGAII,CENTER_BASE,/tspInstances/kroA100.tsp,100,1000000,0.800000,0.200000,54956.000000,10.000000,27629
NSGAII,CENTER_BASE,/tspInstances/kroA100.tsp,100,1000000,0.800000,0.200000,50438.000000,10.000000,27216
NSGAII,CENTER_BASE,/tspInstances/kroA100.tsp,100,1000000,0.800000,0.200000,51072.000000,10.000000,27218
NSGAII,CENTER_BASE,/tspInstances/kroA100.tsp,100,1000000,0.800000,0.200000,53546.000000,10.000000,28144
NSGAII,CENTER_BASE,/tspInstances/kroA100.tsp,100,1000000,0.800000,0.200000,47098.000000,10.000000,27153
NSGAII,CENTER_BASE,/tspInstances/kroA100.tsp,100,1000000,0.800000,0.200000,53474.000000,10.000000,27042
NSGAII,CENTER_BASE,/tspInstances/kroA100.tsp,100,1000000,0.800000,0.200000,53413.000000,10.000000,28392
NSGAII,CENTER_BASE,/tspInstances/kroA100.tsp,100,1000000,0.800000,0.200000,52875.000000,10.000000,27181
NSGAII,CENTER_BASE,/tspInstances/kroA100.tsp,100,1000000,0.800000,0.200000,49087.000000,10.000000,27146
NSGAII,CENTER_BASE,/tspInstances/kroA100.tsp,100,1000000,0.900000,0.200000,50898.000000,10.000000,35740
NSGAII,CENTER_BASE,/tspInstances/kroA100.tsp,100,1000000,0.900000,0.200000,51159.000000,10.000000,27903
NSGAII,CENTER_BASE,/tspInstances/kroA100.tsp,100,1000000,0.900000,0.200000,54683.000000,10.000000,27869
NSGAII,CENTER_BASE,/tspInstances/kroA100.tsp,100,1000000,0.900000,0.200000,49144.000000,10.000000,27766
NSGAII,CENTER_BASE,/tspInstances/kroA100.tsp,100,1000000,0.900000,0.200000,48237.000000,10.000000,27909
NSGAII,CENTER_BASE,/tspInstances/kroA100.tsp,100,1000000,0.900000,0.200000,48346.000000,10.000000,27473
NSGAII,CENTER_BASE,/tspInstances/kroA100.tsp,100,1000000,0.900000,0.200000,51843.000000,10.000000,27547
NSGAII,CENTER_BASE,/tspInstances/kroA100.tsp,100,1000000,0.900000,0.200000,49634.000000,10.000000,27574
NSGAII,CENTER_BASE,/tspInstances/kroA100.tsp,100,1000000,0.900000,0.200000,51920.000000,10.000000,27656
NSGAII,CENTER_BASE,/tspInstances/kroA100.tsp,100,1000000,0.900000,0.200000,53082.000000,10.000000,27383
NSGAII,CENTER_BASE,/tspInstances/kroA100.tsp,100,1000000,0.800000,0.100000,48548.000000,10.000000,30028
NSGAII,CENTER_BASE,/tspInstances/kroA100.tsp,100,1000000,0.800000,0.100000,50603.000000,10.000000,22966
NSGAII,CENTER_BASE,/tspInstances/kroA100.tsp,100,1000000,0.800000,0.100000,49686.000000,10.000000,22284
NSGAII,CENTER_BASE,/tspInstances/kroA100.tsp,100,1000000,0.800000,0.100000,45693.000000,10.000000,22183
NSGAII,CENTER_BASE,/tspInstances/kroA100.tsp,100,1000000,0.800000,0.100000,55412.000000,10.000000,23706
NSGAII,CENTER_BASE,/tspInstances/kroA100.tsp,100,1000000,0.800000,0.100000,48362.000000,10.000000,24765
NSGAII,CENTER_BASE,/tspInstances/kroA100.tsp,100,1000000,0.800000,0.100000,52455.000000,10.000000,25135
NSGAII,CENTER_BASE,/tspInstances/kroA100.tsp,100,1000000,0.800000,0.100000,50608.000000,10.000000,24483
NSGAII,CENTER_BASE,/tspInstances/kroA100.tsp,100,1000000,0.800000,0.100000,51749.000000,10.000000,21919
NSGAII,CENTER_BASE,/tspInstances/kroA100.tsp,100,1000000,0.800000,0.100000,49281.000000,10.000000,21708
NSGAII,CENTER_BASE,/tspInstances/kroA100.tsp,100,1000000,0.900000,0.100000,54087.000000,10.000000,29413
NSGAII,CENTER_BASE,/tspInstances/kroA100.tsp,100,1000000,0.900000,0.100000,54057.000000,10.000000,24392
NSGAII,CENTER_BASE,/tspInstances/kroA100.tsp,100,1000000,0.900000,0.100000,48406.000000,10.000000,22410
NSGAII,CENTER_BASE,/tspInstances/kroA100.tsp,100,1000000,0.900000,0.100000,51409.000000,10.000000,23525
NSGAII,CENTER_BASE,/tspInstances/kroA100.tsp,100,1000000,0.900000,0.100000,51546.000000,10.000000,26383
NSGAII,CENTER_BASE,/tspInstances/kroA100.tsp,100,1000000,0.900000,0.100000,49164.000000,10.000000,24451
NSGAII,CENTER_BASE,/tspInstances/kroA100.tsp,100,1000000,0.900000,0.100000,49789.000000,10.000000,24617
NSGAII,CENTER_BASE,/tspInstances/kroA100.tsp,100,1000000,0.900000,0.100000,47367.000000,10.000000,24726
NSGAII,CENTER_BASE,/tspInstances/kroA100.tsp,100,1000000,0.900000,0.100000,50230.000000,10.000000,24559
NSGAII,CENTER_BASE,/tspInstances/kroA100.tsp,100,1000000,0.900000,0.100000,48200.000000,10.000000,24421
NSGAII,MEAN_BASE,/tspInstances/kroA100.tsp,100,1000000,0.800000,0.200000,46790.000000,10.000000,33614
NSGAII,MEAN_BASE,/tspInstances/kroA100.tsp,100,1000000,0.800000,0.200000,48268.000000,9.000000,27267
NSGAII,MEAN_BASE,/tspInstances/kroA100.tsp,100,1000000,0.800000,0.200000,58908.000000,10.000000,26293
NSGAII,MEAN_BASE,/tspInstances/kroA100.tsp,100,1000000,0.800000,0.200000,51347.000000,10.000000,26739
NSGAII,MEAN_BASE,/tspInstances/kroA100.tsp,100,1000000,0.800000,0.200000,50047.000000,10.000000,26555
NSGAII,MEAN_BASE,/tspInstances/kroA100.tsp,100,1000000,0.800000,0.200000,49057.000000,10.000000,26904
NSGAII,MEAN_BASE,/tspInstances/kroA100.tsp,100,1000000,0.800000,0.200000,52057.000000,10.000000,26521
NSGAII,MEAN_BASE,/tspInstances/kroA100.tsp,100,1000000,0.800000,0.200000,52568.000000,10.000000,26079
NSGAII,MEAN_BASE,/tspInstances/kroA100.tsp,100,1000000,0.800000,0.200000,52489.000000,10.000000,26398
NSGAII,MEAN_BASE,/tspInstances/kroA100.tsp,100,1000000,0.800000,0.200000,49287.000000,10.000000,26236
NSGAIII,CENTER_BASE,/tspInstances/kroA100.tsp,100,100000,0.800000,0.200000,52058.000000,10.000000,35024
NSGAIII,CENTER_BASE,/tspInstances/kroA100.tsp,100,100000,0.800000,0.200000,46955.000000,10.000000,29248
NSGAIII,CENTER_BASE,/tspInstances/kroA100.tsp,100,100000,0.800000,0.200000,57458.000000,10.000000,28841
NSGAIII,CENTER_BASE,/tspInstances/kroA100.tsp,100,100000,0.800000,0.200000,55587.000000,10.000000,28827
NSGAIII,CENTER_BASE,/tspInstances/kroA100.tsp,100,100000,0.800000,0.200000,52710.000000,10.000000,28726
NSGAIII,CENTER_BASE,/tspInstances/kroA100.tsp,100,100000,0.800000,0.200000,53030.000000,10.000000,28850
NSGAIII,CENTER_BASE,/tspInstances/kroA100.tsp,100,100000,0.800000,0.200000,56274.000000,10.000000,29211
NSGAIII,CENTER_BASE,/tspInstances/kroA100.tsp,100,100000,0.800000,0.200000,49285.000000,10.000000,28997
NSGAIII,CENTER_BASE,/tspInstances/kroA100.tsp,100,100000,0.800000,0.200000,54631.000000,10.000000,28869
NSGAIII,CENTER_BASE,/tspInstances/kroA100.tsp,100,100000,0.800000,0.200000,51456.000000,10.000000,28881
NSGAIII,MEAN_BASE,/tspInstances/kroA100.tsp,100,100000,0.800000,0.200000,46337.000000,10.000000,32237
NSGAIII,MEAN_BASE,/tspInstances/kroA100.tsp,100,100000,0.800000,0.200000,51094.000000,10.000000,26186
NSGAIII,MEAN_BASE,/tspInstances/kroA100.tsp,100,100000,0.800000,0.200000,53616.000000,10.000000,25674
NSGAIII,MEAN_BASE,/tspInstances/kroA100.tsp,100,100000,0.800000,0.200000,53382.000000,10.000000,25435
NSGAIII,MEAN_BASE,/tspInstances/kroA100.tsp,100,100000,0.800000,0.200000,51305.000000,10.000000,25738
NSGAIII,MEAN_BASE,/tspInstances/kroA100.tsp,100,100000,0.800000,0.200000,50413.000000,10.000000,27760
NSGAIII,MEAN_BASE,/tspInstances/kroA100.tsp,100,100000,0.800000,0.200000,53299.000000,10.000000,27399
NSGAIII,MEAN_BASE,/tspInstances/kroA100.tsp,100,100000,0.800000,0.200000,50731.000000,10.000000,25335
NSGAIII,MEAN_BASE,/tspInstances/kroA100.tsp,100,100000,0.800000,0.200000,53811.000000,10.000000,25724
NSGAIII,MEAN_BASE,/tspInstances/kroA100.tsp,100,100000,0.800000,0.200000,56552.000000,10.000000,25917
NSGAIII,CENTER_BASE,/tspInstances/kroA100.tsp,100,100000,0.900000,0.200000,52679.000000,10.000000,38926
NSGAIII,CENTER_BASE,/tspInstances/kroA100.tsp,100,100000,0.900000,0.200000,51619.000000,10.000000,30235
NSGAIII,CENTER_BASE,/tspInstances/kroA100.tsp,100,100000,0.900000,0.200000,50327.000000,10.000000,29646
NSGAIII,CENTER_BASE,/tspInstances/kroA100.tsp,100,100000,0.900000,0.200000,49953.000000,10.000000,29639
NSGAIII,CENTER_BASE,/tspInstances/kroA100.tsp,100,100000,0.900000,0.200000,49086.000000,10.000000,30159
NSGAIII,CENTER_BASE,/tspInstances/kroA100.tsp,100,100000,0.900000,0.200000,53153.000000,10.000000,29663
NSGAIII,CENTER_BASE,/tspInstances/kroA100.tsp,100,100000,0.900000,0.200000,51588.000000,10.000000,29699
NSGAIII,CENTER_BASE,/tspInstances/kroA100.tsp,100,100000,0.900000,0.200000,57564.000000,10.000000,29767
NSGAIII,CENTER_BASE,/tspInstances/kroA100.tsp,100,100000,0.900000,0.200000,51772.000000,10.000000,29860
NSGAIII,CENTER_BASE,/tspInstances/kroA100.tsp,100,100000,0.900000,0.200000,53468.000000,10.000000,29741
NSGAIII,MEAN_BASE,/tspInstances/kroA100.tsp,100,100000,0.900000,0.200000,53623.000000,10.000000,36480
NSGAIII,MEAN_BASE,/tspInstances/kroA100.tsp,100,100000,0.900000,0.200000,53840.000000,10.000000,26670
NSGAIII,MEAN_BASE,/tspInstances/kroA100.tsp,100,100000,0.900000,0.200000,55430.000000,10.000000,25565
NSGAIII,MEAN_BASE,/tspInstances/kroA100.tsp,100,100000,0.900000,0.200000,50524.000000,10.000000,25803
NSGAIII,MEAN_BASE,/tspInstances/kroA100.tsp,100,100000,0.900000,0.200000,53365.000000,10.000000,29339
NSGAIII,MEAN_BASE,/tspInstances/kroA100.tsp,100,100000,0.900000,0.200000,52955.000000,10.000000,26249
NSGAIII,MEAN_BASE,/tspInstances/kroA100.tsp,100,100000,0.900000,0.200000,55526.000000,10.000000,25578
NSGAIII,MEAN_BASE,/tspInstances/kroA100.tsp,100,100000,0.900000,0.200000,51800.000000,10.000000,25620
NSGAIII,MEAN_BASE,/tspInstances/kroA100.tsp,100,100000,0.900000,0.200000,55257.000000,10.000000,25573
NSGAIII,MEAN_BASE,/tspInstances/kroA100.tsp,100,100000,0.900000,0.200000,53832.000000,10.000000,25510
NSGAIII,MEAN_BASE,/tspInstances/kroA100.tsp,100,100000,0.800000,0.100000,53768.000000,10.000000,32922
NSGAIII,MEAN_BASE,/tspInstances/kroA100.tsp,100,100000,0.800000,0.100000,51201.000000,10.000000,26948
NSGAIII,MEAN_BASE,/tspInstances/kroA100.tsp,100,100000,0.800000,0.100000,51331.000000,10.000000,27087
NSGAIII,MEAN_BASE,/tspInstances/kroA100.tsp,100,100000,0.800000,0.100000,52335.000000,10.000000,26560
NSGAIII,MEAN_BASE,/tspInstances/kroA100.tsp,100,100000,0.800000,0.100000,57536.000000,10.000000,27079
NSGAIII,MEAN_BASE,/tspInstances/kroA100.tsp,100,100000,0.800000,0.100000,47522.000000,10.000000,26436
NSGAIII,MEAN_BASE,/tspInstances/kroA100.tsp,100,100000,0.800000,0.100000,47909.000000,10.000000,26606
NSGAIII,MEAN_BASE,/tspInstances/kroA100.tsp,100,100000,0.800000,0.100000,50077.000000,10.000000,26593
NSGAIII,MEAN_BASE,/tspInstances/kroA100.tsp,100,100000,0.800000,0.100000,53112.000000,10.000000,26624
NSGAIII,MEAN_BASE,/tspInstances/kroA100.tsp,100,100000,0.800000,0.100000,46883.000000,10.000000,26855
NSGAIII,MEAN_BASE,/tspInstances/kroA100.tsp,100,100000,0.900000,0.100000,52063.000000,10.000000,42616
NSGAIII,MEAN_BASE,/tspInstances/kroA100.tsp,100,100000,0.900000,0.100000,52455.000000,10.000000,34197
NSGAIII,MEAN_BASE,/tspInstances/kroA100.tsp,100,100000,0.900000,0.100000,49987.000000,10.000000,33696
NSGAIII,MEAN_BASE,/tspInstances/kroA100.tsp,100,100000,0.900000,0.100000,53355.000000,10.000000,33777
NSGAIII,MEAN_BASE,/tspInstances/kroA100.tsp,100,100000,0.900000,0.100000,51092.000000,10.000000,33562
NSGAIII,MEAN_BASE,/tspInstances/kroA100.tsp,100,100000,0.900000,0.100000,53516.000000,10.000000,33675
NSGAIII,MEAN_BASE,/tspInstances/kroA100.tsp,100,100000,0.900000,0.100000,50315.000000,10.000000,33575
NSGAIII,MEAN_BASE,/tspInstances/kroA100.tsp,100,100000,0.900000,0.100000,49382.000000,10.000000,33635
NSGAIII,MEAN_BASE,/tspInstances/kroA100.tsp,100,100000,0.900000,0.100000,52714.000000,10.000000,33560
NSGAIII,MEAN_BASE,/tspInstances/kroA100.tsp,100,100000,0.900000,0.100000,52120.000000,10.000000,33651
NSGAII,MEAN_BASE,/tspInstances/kroA100.tsp,100,1000000,0.900000,0.200000,48351.000000,10.000000,31620
NSGAII,MEAN_BASE,/tspInstances/kroA100.tsp,100,1000000,0.900000,0.200000,52156.000000,10.000000,24507
NSGAII,MEAN_BASE,/tspInstances/kroA100.tsp,100,1000000,0.900000,0.200000,46486.000000,10.000000,24431
NSGAII,MEAN_BASE,/tspInstances/kroA100.tsp,100,1000000,0.900000,0.200000,47931.000000,10.000000,25481
NSGAII,MEAN_BASE,/tspInstances/kroA100.tsp,100,1000000,0.900000,0.200000,45589.000000,10.000000,26034
NSGAII,MEAN_BASE,/tspInstances/kroA100.tsp,100,1000000,0.900000,0.200000,54307.000000,10.000000,26286
NSGAII,MEAN_BASE,/tspInstances/kroA100.tsp,100,1000000,0.900000,0.200000,51001.000000,10.000000,26444
NSGAII,MEAN_BASE,/tspInstances/kroA100.tsp,100,1000000,0.900000,0.200000,46278.000000,10.000000,27589
NSGAII,MEAN_BASE,/tspInstances/kroA100.tsp,100,1000000,0.900000,0.200000,52214.000000,10.000000,26790
NSGAII,MEAN_BASE,/tspInstances/kroA100.tsp,100,1000000,0.900000,0.200000,47451.000000,10.000000,26690
NSGAIII,CENTER_BASE,/tspInstances/kroA100.tsp,100,100000,0.800000,0.100000,52354.000000,10.000000,39962
NSGAIII,CENTER_BASE,/tspInstances/kroA100.tsp,100,100000,0.800000,0.100000,51318.000000,10.000000,32560
NSGAIII,CENTER_BASE,/tspInstances/kroA100.tsp,100,100000,0.800000,0.100000,55860.000000,10.000000,32225
NSGAIII,CENTER_BASE,/tspInstances/kroA100.tsp,100,100000,0.800000,0.100000,54167.000000,10.000000,32292
NSGAIII,CENTER_BASE,/tspInstances/kroA100.tsp,100,100000,0.800000,0.100000,53684.000000,10.000000,32455
NSGAIII,CENTER_BASE,/tspInstances/kroA100.tsp,100,100000,0.800000,0.100000,52336.000000,10.000000,32629
NSGAIII,CENTER_BASE,/tspInstances/kroA100.tsp,100,100000,0.800000,0.100000,52903.000000,10.000000,32623
NSGAIII,CENTER_BASE,/tspInstances/kroA100.tsp,100,100000,0.800000,0.100000,59888.000000,10.000000,32626
NSGAIII,CENTER_BASE,/tspInstances/kroA100.tsp,100,100000,0.800000,0.100000,50796.000000,10.000000,32501
NSGAIII,CENTER_BASE,/tspInstances/kroA100.tsp,100,100000,0.800000,0.100000,47173.000000,10.000000,32638
NSGAII,MEAN_BASE,/tspInstances/kroA100.tsp,100,1000000,0.800000,0.100000,49159.000000,10.000000,32358
NSGAII,MEAN_BASE,/tspInstances/kroA100.tsp,100,1000000,0.800000,0.100000,51203.000000,10.000000,24627
NSGAII,MEAN_BASE,/tspInstances/kroA100.tsp,100,1000000,0.800000,0.100000,51571.000000,10.000000,24479
NSGAII,MEAN_BASE,/tspInstances/kroA100.tsp,100,1000000,0.800000,0.100000,49881.000000,10.000000,24458
NSGAII,MEAN_BASE,/tspInstances/kroA100.tsp,100,1000000,0.800000,0.100000,48403.000000,10.000000,24497
NSGAII,MEAN_BASE,/tspInstances/kroA100.tsp,100,1000000,0.800000,0.100000,51679.000000,10.000000,24247
NSGAII,MEAN_BASE,/tspInstances/kroA100.tsp,100,1000000,0.800000,0.100000,48380.000000,10.000000,24482
NSGAII,MEAN_BASE,/tspInstances/kroA100.tsp,100,1000000,0.800000,0.100000,49791.000000,10.000000,24271
NSGAII,MEAN_BASE,/tspInstances/kroA100.tsp,100,1000000,0.800000,0.100000,52513.000000,10.000000,24439
NSGAII,MEAN_BASE,/tspInstances/kroA100.tsp,100,1000000,0.800000,0.100000,51668.000000,10.000000,24298
NSGAIII,CENTER_BASE,/tspInstances/kroA100.tsp,100,100000,0.900000,0.100000,52872.000000,10.000000,41853
NSGAIII,CENTER_BASE,/tspInstances/kroA100.tsp,100,100000,0.900000,0.100000,49036.000000,10.000000,33975
NSGAIII,CENTER_BASE,/tspInstances/kroA100.tsp,100,100000,0.900000,0.100000,46694.000000,10.000000,33058
NSGAIII,CENTER_BASE,/tspInstances/kroA100.tsp,100,100000,0.900000,0.100000,51777.000000,10.000000,33165
NSGAIII,CENTER_BASE,/tspInstances/kroA100.tsp,100,100000,0.900000,0.100000,53524.000000,10.000000,33137
NSGAIII,CENTER_BASE,/tspInstances/kroA100.tsp,100,100000,0.900000,0.100000,56428.000000,10.000000,33051
NSGAIII,CENTER_BASE,/tspInstances/kroA100.tsp,100,100000,0.900000,0.100000,59378.000000,10.000000,33144
NSGAIII,CENTER_BASE,/tspInstances/kroA100.tsp,100,100000,0.900000,0.100000,49948.000000,10.000000,33237
NSGAIII,CENTER_BASE,/tspInstances/kroA100.tsp,100,100000,0.900000,0.100000,48699.000000,10.000000,33254
NSGAIII,CENTER_BASE,/tspInstances/kroA100.tsp,100,100000,0.900000,0.100000,58701.000000,10.000000,32971
NSGAII,MEAN_BASE,/tspInstances/kroA100.tsp,100,1000000,0.900000,0.100000,46372.000000,10.000000,32052
NSGAII,MEAN_BASE,/tspInstances/kroA100.tsp,100,1000000,0.900000,0.100000,53631.000000,10.000000,25069
NSGAII,MEAN_BASE,/tspInstances/kroA100.tsp,100,1000000,0.900000,0.100000,54361.000000,10.000000,24785
NSGAII,MEAN_BASE,/tspInstances/kroA100.tsp,100,1000000,0.900000,0.100000,47128.000000,10.000000,24694
NSGAII,MEAN_BASE,/tspInstances/kroA100.tsp,100,1000000,0.900000,0.100000,59228.000000,10.000000,24954
NSGAII,MEAN_BASE,/tspInstances/kroA100.tsp,100,1000000,0.900000,0.100000,53491.000000,10.000000,24793
NSGAII,MEAN_BASE,/tspInstances/kroA100.tsp,100,1000000,0.900000,0.100000,49403.000000,10.000000,24802
NSGAII,MEAN_BASE,/tspInstances/kroA100.tsp,100,1000000,0.900000,0.100000,54030.000000,10.000000,24647
NSGAII,MEAN_BASE,/tspInstances/kroA100.tsp,100,1000000,0.900000,0.100000,52752.000000,10.000000,24649
NSGAII,MEAN_BASE,/tspInstances/kroA100.tsp,100,1000000,0.900000,0.100000,54679.000000,10.000000,24634
NSGAIII,MEAN_BASE,/tspInstances/kroA100.tsp,100,1000000,0.800000,0.200000,51176.000000,10.000000,314798
NSGAIII,MEAN_BASE,/tspInstances/kroA100.tsp,100,1000000,0.800000,0.200000,57127.000000,10.000000,308268
NSGAIII,MEAN_BASE,/tspInstances/kroA100.tsp,100,1000000,0.800000,0.200000,55681.000000,10.000000,309114
NSGAIII,MEAN_BASE,/tspInstances/kroA100.tsp,100,1000000,0.800000,0.200000,52975.000000,10.000000,309631
NSGAIII,MEAN_BASE,/tspInstances/kroA100.tsp,100,1000000,0.800000,0.200000,50366.000000,10.000000,307548
NSGAIII,MEAN_BASE,/tspInstances/kroA100.tsp,100,1000000,0.800000,0.200000,48574.000000,10.000000,309318
NSGAIII,MEAN_BASE,/tspInstances/kroA100.tsp,100,1000000,0.800000,0.200000,47378.000000,10.000000,307579
NSGAIII,MEAN_BASE,/tspInstances/kroA100.tsp,100,1000000,0.800000,0.200000,55163.000000,10.000000,307749
NSGAIII,MEAN_BASE,/tspInstances/kroA100.tsp,100,1000000,0.800000,0.200000,51725.000000,10.000000,307158
NSGAIII,MEAN_BASE,/tspInstances/kroA100.tsp,100,1000000,0.800000,0.200000,46103.000000,10.000000,308449
NSGAIII,CENTER_BASE,/tspInstances/kroA100.tsp,100,1000000,0.800000,0.200000,51162.000000,10.000000,325567
NSGAIII,CENTER_BASE,/tspInstances/kroA100.tsp,100,1000000,0.800000,0.200000,45884.000000,10.000000,316879
NSGAIII,CENTER_BASE,/tspInstances/kroA100.tsp,100,1000000,0.800000,0.200000,51499.000000,9.000000,320746
NSGAIII,CENTER_BASE,/tspInstances/kroA100.tsp,100,1000000,0.800000,0.200000,47805.000000,10.000000,317040
NSGAIII,CENTER_BASE,/tspInstances/kroA100.tsp,100,1000000,0.800000,0.200000,54373.000000,10.000000,318460
NSGAIII,CENTER_BASE,/tspInstances/kroA100.tsp,100,1000000,0.800000,0.200000,47556.000000,10.000000,318320
NSGAIII,CENTER_BASE,/tspInstances/kroA100.tsp,100,1000000,0.800000,0.200000,51612.000000,10.000000,317861
NSGAIII,CENTER_BASE,/tspInstances/kroA100.tsp,100,1000000,0.800000,0.200000,51063.000000,10.000000,316407
NSGAIII,CENTER_BASE,/tspInstances/kroA100.tsp,100,1000000,0.800000,0.200000,58740.000000,10.000000,318521
NSGAIII,CENTER_BASE,/tspInstances/kroA100.tsp,100,1000000,0.800000,0.200000,50699.000000,10.000000,317139
NSGAIII,MEAN_BASE,/tspInstances/kroA100.tsp,100,1000000,0.900000,0.200000,48320.000000,10.000000,322081
NSGAIII,MEAN_BASE,/tspInstances/kroA100.tsp,100,1000000,0.900000,0.200000,59934.000000,10.000000,290608
NSGAIII,MEAN_BASE,/tspInstances/kroA100.tsp,100,1000000,0.900000,0.200000,48426.000000,10.000000,278675
NSGAIII,MEAN_BASE,/tspInstances/kroA100.tsp,100,1000000,0.900000,0.200000,51849.000000,10.000000,275877
NSGAIII,MEAN_BASE,/tspInstances/kroA100.tsp,100,1000000,0.900000,0.200000,53556.000000,10.000000,276595
NSGAIII,MEAN_BASE,/tspInstances/kroA100.tsp,100,1000000,0.900000,0.200000,56848.000000,10.000000,279197
NSGAIII,MEAN_BASE,/tspInstances/kroA100.tsp,100,1000000,0.900000,0.200000,49801.000000,10.000000,276741
NSGAIII,MEAN_BASE,/tspInstances/kroA100.tsp,100,1000000,0.900000,0.200000,48021.000000,9.000000,273379
NSGAIII,MEAN_BASE,/tspInstances/kroA100.tsp,100,1000000,0.900000,0.200000,50922.000000,10.000000,274231
NSGAIII,MEAN_BASE,/tspInstances/kroA100.tsp,100,1000000,0.900000,0.200000,44561.000000,10.000000,272344
NSGAIII,CENTER_BASE,/tspInstances/kroA100.tsp,100,1000000,0.900000,0.200000,49172.000000,10.000000,334856
NSGAIII,CENTER_BASE,/tspInstances/kroA100.tsp,100,1000000,0.900000,0.200000,56689.000000,10.000000,327869
NSGAIII,CENTER_BASE,/tspInstances/kroA100.tsp,100,1000000,0.900000,0.200000,54214.000000,10.000000,326933
NSGAIII,CENTER_BASE,/tspInstances/kroA100.tsp,100,1000000,0.900000,0.200000,53772.000000,10.000000,327536
NSGAIII,CENTER_BASE,/tspInstances/kroA100.tsp,100,1000000,0.900000,0.200000,46498.000000,10.000000,326110
NSGAIII,CENTER_BASE,/tspInstances/kroA100.tsp,100,1000000,0.900000,0.200000,50434.000000,10.000000,326842
NSGAIII,CENTER_BASE,/tspInstances/kroA100.tsp,100,1000000,0.900000,0.200000,48731.000000,10.000000,326834
NSGAIII,CENTER_BASE,/tspInstances/kroA100.tsp,100,1000000,0.900000,0.200000,49656.000000,10.000000,325395
NSGAIII,CENTER_BASE,/tspInstances/kroA100.tsp,100,1000000,0.900000,0.200000,48385.000000,10.000000,326480
NSGAIII,CENTER_BASE,/tspInstances/kroA100.tsp,100,1000000,0.900000,0.200000,48141.000000,10.000000,326293
NSGAIII,MEAN_BASE,/tspInstances/kroA100.tsp,100,1000000,0.800000,0.100000,52923.000000,10.000000,288201
NSGAIII,MEAN_BASE,/tspInstances/kroA100.tsp,100,1000000,0.800000,0.100000,50772.000000,10.000000,331265
NSGAIII,MEAN_BASE,/tspInstances/kroA100.tsp,100,1000000,0.800000,0.100000,52357.000000,10.000000,325676
NSGAIII,MEAN_BASE,/tspInstances/kroA100.tsp,100,1000000,0.800000,0.100000,51232.000000,10.000000,332928
NSGAIII,MEAN_BASE,/tspInstances/kroA100.tsp,100,1000000,0.800000,0.100000,53654.000000,10.000000,325891
NSGAIII,MEAN_BASE,/tspInstances/kroA100.tsp,100,1000000,0.800000,0.100000,54609.000000,10.000000,328070
NSGAIII,MEAN_BASE,/tspInstances/kroA100.tsp,100,1000000,0.800000,0.100000,49447.000000,10.000000,326756
NSGAIII,MEAN_BASE,/tspInstances/kroA100.tsp,100,1000000,0.800000,0.100000,51200.000000,10.000000,325397
NSGAIII,MEAN_BASE,/tspInstances/kroA100.tsp,100,1000000,0.800000,0.100000,52612.000000,10.000000,325468
NSGAIII,MEAN_BASE,/tspInstances/kroA100.tsp,100,1000000,0.800000,0.100000,55573.000000,10.000000,327646
NSGAIII,CENTER_BASE,/tspInstances/kroA100.tsp,100,1000000,0.800000,0.100000,55831.000000,10.000000,335503
NSGAIII,CENTER_BASE,/tspInstances/kroA100.tsp,100,1000000,0.800000,0.100000,53159.000000,10.000000,327148
NSGAIII,CENTER_BASE,/tspInstances/kroA100.tsp,100,1000000,0.800000,0.100000,56056.000000,10.000000,326703
NSGAIII,CENTER_BASE,/tspInstances/kroA100.tsp,100,1000000,0.800000,0.100000,50746.000000,10.000000,326654
NSGAIII,CENTER_BASE,/tspInstances/kroA100.tsp,100,1000000,0.800000,0.100000,54013.000000,10.000000,326733
NSGAIII,CENTER_BASE,/tspInstances/kroA100.tsp,100,1000000,0.800000,0.100000,52626.000000,10.000000,327344
NSGAIII,CENTER_BASE,/tspInstances/kroA100.tsp,100,1000000,0.800000,0.100000,52262.000000,10.000000,326887
NSGAIII,CENTER_BASE,/tspInstances/kroA100.tsp,100,1000000,0.800000,0.100000,52506.000000,10.000000,327216
NSGAIII,CENTER_BASE,/tspInstances/kroA100.tsp,100,1000000,0.800000,0.100000,55603.000000,10.000000,326985
NSGAIII,CENTER_BASE,/tspInstances/kroA100.tsp,100,1000000,0.800000,0.100000,57332.000000,10.000000,327932
NSGAIII,MEAN_BASE,/tspInstances/kroA100.tsp,100,1000000,0.900000,0.100000,49171.000000,10.000000,339327
NSGAIII,MEAN_BASE,/tspInstances/kroA100.tsp,100,1000000,0.900000,0.100000,52995.000000,10.000000,330435
NSGAIII,MEAN_BASE,/tspInstances/kroA100.tsp,100,1000000,0.900000,0.100000,56909.000000,10.000000,328894
NSGAIII,MEAN_BASE,/tspInstances/kroA100.tsp,100,1000000,0.900000,0.100000,52881.000000,10.000000,329349
NSGAIII,MEAN_BASE,/tspInstances/kroA100.tsp,100,1000000,0.900000,0.100000,54090.000000,10.000000,329321
NSGAIII,MEAN_BASE,/tspInstances/kroA100.tsp,100,1000000,0.900000,0.100000,50741.000000,10.000000,328961
NSGAIII,MEAN_BASE,/tspInstances/kroA100.tsp,100,1000000,0.900000,0.100000,50335.000000,10.000000,329989
NSGAIII,MEAN_BASE,/tspInstances/kroA100.tsp,100,1000000,0.900000,0.100000,53847.000000,10.000000,331213
NSGAIII,MEAN_BASE,/tspInstances/kroA100.tsp,100,1000000,0.900000,0.100000,52906.000000,10.000000,331634
NSGAIII,MEAN_BASE,/tspInstances/kroA100.tsp,100,1000000,0.900000,0.100000,49717.000000,10.000000,331366
NSGAIII,CENTER_BASE,/tspInstances/kroA100.tsp,100,1000000,0.900000,0.100000,56077.000000,10.000000,363245
NSGAIII,CENTER_BASE,/tspInstances/kroA100.tsp,100,1000000,0.900000,0.100000,54099.000000,10.000000,331888
NSGAIII,CENTER_BASE,/tspInstances/kroA100.tsp,100,1000000,0.900000,0.100000,54460.000000,10.000000,331645
NSGAIII,CENTER_BASE,/tspInstances/kroA100.tsp,100,1000000,0.900000,0.100000,52483.000000,10.000000,331480
NSGAIII,CENTER_BASE,/tspInstances/kroA100.tsp,100,1000000,0.900000,0.100000,49203.000000,9.000000,340748
NSGAIII,CENTER_BASE,/tspInstances/kroA100.tsp,100,1000000,0.900000,0.100000,55094.000000,10.000000,295713
NSGAIII,CENTER_BASE,/tspInstances/kroA100.tsp,100,1000000,0.900000,0.100000,50989.000000,10.000000,336204
NSGAIII,CENTER_BASE,/tspInstances/kroA100.tsp,100,1000000,0.900000,0.100000,52434.000000,10.000000,331164